sample_id,ticker,pattern,status,rule_conf,hybrid_conf,cv_conf,consensus_conf,source_count,agreement,decision,x0_idx,x1_idx,y_min,y_max,yolo_x_center,yolo_y_center,yolo_w,yolo_h
AAPL_20250228_120,AAPL,head_and_shoulders,forming,,,0.82,0.82,1,aligned,review,41,92,219.3800048828125,242.34000396728516,0.5588235294117647,0.6331744619856974,0.4369747899159664,0.497184823289838
AAPL_20250228_120,AAPL,double_bottom,breakout,,,0.73,0.73,1,aligned,review,6,41,216.81500244140625,237.49000549316406,0.19747899159663865,0.7134581306896225,0.3025210084033613,0.4477046232008229
AAPL_20250228_120,AAPL,inv_head_and_shoulders,forming,,,0.71,0.71,1,aligned,review,33,74,235.13999938964844,255.0,0.4495798319327731,0.32546565236598746,0.35294117647058826,0.43005624075444093
AAPL_20250307_120,AAPL,head_and_shoulders,forming,,,0.81,0.81,1,aligned,review,36,87,219.3800048828125,242.34000396728516,0.5168067226890757,0.6331744619856974,0.4369747899159664,0.497184823289838
AAPL_20250307_120,AAPL,inv_head_and_shoulders,forming,,,0.71,0.71,1,aligned,review,28,69,235.13999938964844,255.0,0.40756302521008403,0.32546565236598746,0.35294117647058826,0.43005624075444093
AAPL_20250314_120,AAPL,double_top,breakdown,,,0.87,0.87,1,aligned,review,90,106,225.6999969482422,248.59500122070312,0.8235294117647058,0.4441273896107385,0.14285714285714285,0.4430147205365613
AAPL_20250314_120,AAPL,head_and_shoulders,breakdown,,,0.81,0.81,1,aligned,review,31,82,219.3800048828125,242.34000396728516,0.47478991596638653,0.5657894192951018,0.4369747899159664,0.44427235989478286
AAPL_20250314_120,AAPL,inv_head_and_shoulders,forming,,,0.7,0.7,1,aligned,review,23,64,235.13999938964844,255.0,0.36554621848739494,0.29082825273015067,0.35294117647058826,0.3842878785060443
AAPL_20250321_120,AAPL,double_top,breakdown,,,0.87,0.87,1,aligned,review,85,101,225.6999969482422,248.59500122070312,0.7815126050420168,0.4441273896107385,0.14285714285714285,0.4430147205365613
AAPL_20250321_120,AAPL,bull_flag,breakout,,,0.85,0.85,1,aligned,review,98,119,208.4199981689453,252.8567600777969,0.9117647058823529,0.5700778339168313,0.18487394957983194,0.8598443321663367
AAPL_20250321_120,AAPL,head_and_shoulders,breakdown,,,0.8,0.8,1,aligned,review,26,77,219.3800048828125,242.34000396728516,0.4327731092436975,0.5657894192951018,0.4369747899159664,0.44427235989478286
AAPL_20250321_120,AAPL,inv_head_and_shoulders,forming,,,0.7,0.7,1,aligned,review,18,59,235.13999938964844,255.0,0.3235294117647059,0.29082825273015067,0.35294117647058826,0.3842878785060443
AAPL_20250328_120,AAPL,double_top,breakdown,,,0.86,0.86,1,aligned,review,80,96,225.6999969482422,248.59500122070312,0.7394957983193278,0.4441273896107385,0.14285714285714285,0.4430147205365613
AAPL_20250328_120,AAPL,head_and_shoulders,breakdown,,,0.8,0.8,1,aligned,review,21,72,219.3800048828125,242.34000396728516,0.3907563025210084,0.5657894192951018,0.4369747899159664,0.44427235989478286
AAPL_20250328_120,AAPL,inv_head_and_shoulders,forming,,,0.69,0.69,1,aligned,review,13,54,235.13999938964844,255.0,0.2815126050420168,0.29082825273015067,0.35294117647058826,0.3842878785060443
AAPL_20250404_120,AAPL,double_top,breakdown,,,0.86,0.86,1,aligned,review,75,91,225.6999969482422,248.59500122070312,0.6974789915966386,0.3154549744148981,0.14285714285714285,0.31466466739367505
AAPL_20250404_120,AAPL,falling_wedge,forming,,,0.8,0.8,1,aligned,review,75,119,209.92288737214372,260.1000061035156,0.8151260504201681,0.34481247936196535,0.37815126050420167,0.6896249587239303
AAPL_20250404_120,AAPL,inv_head_and_shoulders,forming,,,0.69,0.69,1,aligned,review,8,49,235.13999938964844,255.0,0.23949579831932774,0.20656960406006208,0.35294117647058826,0.27295214327657075
AAPL_20250411_120,AAPL,double_top,breakdown,,,0.86,0.86,1,aligned,review,70,86,225.6999969482422,248.59500122070312,0.6554621848739496,0.25253061033309954,0.14285714285714285,0.2518979472572037
AAPL_20250421_120,AAPL,double_top,breakdown,,,0.85,0.85,1,aligned,review,65,81,225.6999969482422,248.59500122070312,0.6134453781512605,0.25253061033309954,0.14285714285714285,0.2518979472572037
AAPL_20250428_120,AAPL,double_top,breakdown,,,0.85,0.85,1,aligned,review,60,76,225.6999969482422,248.59500122070312,0.5714285714285714,0.25253061033309954,0.14285714285714285,0.2518979472572037
AAPL_20250505_120,AAPL,double_top,breakdown,,,0.85,0.85,1,aligned,review,55,71,225.6999969482422,248.59500122070312,0.5294117647058824,0.25253061033309954,0.14285714285714285,0.2518979472572037
AAPL_20250512_120,AAPL,falling_wedge,breakout,0.51,0.62,,0.58,2,aligned,review,75,119,193.68465615977408,222.0750517471977,0.8151260504201681,0.5745423313973212,0.37815126050420167,0.3123599491481242
AAPL_20250512_120,AAPL,double_top,breakdown,,,0.84,0.84,1,aligned,review,50,66,225.6999969482422,248.59500122070312,0.48739495798319327,0.25253061033309954,0.14285714285714285,0.2518979472572037
AAPL_20250519_120,AAPL,falling_wedge,breakout,0.58,0.62,,0.6,2,aligned,review,75,119,198.55786362800035,216.02553501589853,0.8151260504201681,0.58101339131025,0.37815126050420167,0.1921847453537071
AAPL_20250519_120,AAPL,double_top,breakdown,,,0.84,0.84,1,aligned,review,45,61,225.6999969482422,248.59500122070312,0.44537815126050423,0.25253061033309954,0.14285714285714285,0.2518979472572037
AAPL_20250519_120,AAPL,inv_head_and_shoulders,breakout,,,0.74,0.74,1,aligned,review,85,107,200.83499908447266,225.6199951171875,0.8067226890756303,0.5157059007310755,0.19327731092436976,0.27269222355762973
AAPL_20250527_120,AAPL,falling_wedge,forming,0.68,0.77,,0.74,2,aligned,review,75,119,199.17859868588658,213.8328402606761,0.8151260504201681,0.5896609856984794,0.37815126050420167,0.1612305168136959
AAPL_20250527_120,AAPL,double_top,breakdown,,,0.84,0.84,1,aligned,review,40,56,225.6999969482422,248.59500122070312,0.40336134453781514,0.25253061033309954,0.14285714285714285,0.2518979472572037
AAPL_20250527_120,AAPL,inv_head_and_shoulders,forming,,,0.74,0.74,1,aligned,review,80,102,200.83499908447266,225.6199951171875,0.7647058823529411,0.5157059007310755,0.19327731092436976,0.27269222355762973
AAPL_20250603_120,AAPL,double_top,breakdown,,,0.83,0.83,1,aligned,review,35,51,225.6999969482422,248.59500122070312,0.36134453781512604,0.25253061033309954,0.14285714285714285,0.2518979472572037
AAPL_20250603_120,AAPL,inv_head_and_shoulders,forming,,,0.74,0.74,1,aligned,review,75,97,200.94000244140625,225.6199951171875,0.7226890756302521,0.5151282609597105,0.19327731092436976,0.27153694401489986
AAPL_20250610_120,AAPL,rising_wedge,breakdown,0.8,0.74,,0.77,2,aligned,review,75,119,190.98423144944041,207.0576061598921,0.8151260504201681,0.6720110871274331,0.37815126050420167,0.17684426029693964
AAPL_20250610_120,AAPL,double_top,breakdown,,,0.83,0.83,1,aligned,review,30,46,225.6999969482422,248.59500122070312,0.31932773109243695,0.25253061033309954,0.14285714285714285,0.2518979472572037
AAPL_20250610_120,AAPL,inv_head_and_shoulders,breakout,,,0.74,0.74,1,aligned,review,70,92,200.94000244140625,225.6199951171875,0.680672268907563,0.5151282609597105,0.19327731092436976,0.27153694401489986
AAPL_20250617_120,AAPL,falling_wedge,forming,0.6,0.69,,0.65,2,aligned,review,75,119,199.71602963065175,207.45582658703194,0.8151260504201681,0.6217854370577787,0.37815126050420167,0.08515564977835927
AAPL_20250617_120,AAPL,symmetrical_triangle,breakdown,,,0.81,0.81,1,aligned,review,75,119,189.1966641743978,220.12070853505463,0.8151260504201681,0.6099826176817389,0.37815126050420167,0.3402359397988819
AAPL_20250617_120,AAPL,inv_head_and_shoulders,forming,,,0.74,0.74,1,aligned,review,65,87,200.94000244140625,225.6199951171875,0.6386554621848739,0.5151282609597105,0.19327731092436976,0.27153694401489986
AAPL_20250625_120,AAPL,falling_wedge,breakout,0.55,0.59,,0.57,2,aligned,review,75,119,197.60705416029776,209.46022291690252,0.8151260504201681,0.5917255255832583,0.37815126050420167,0.14099167212219693
AAPL_20250625_120,AAPL,symmetrical_triangle,breakout,,,0.74,0.74,1,aligned,review,75,119,192.72305908203126,218.07495891375845,0.8151260504201681,0.569537222557811,0.37815126050420167,0.3015570622630297
AAPL_20250625_120,AAPL,inv_head_and_shoulders,breakout,,,0.73,0.73,1,aligned,review,60,82,200.94000244140625,225.6199951171875,0.5966386554621849,0.4757940261118253,0.19327731092436976,0.29356482699050807
AAPL_20250702_120,AAPL,symmetrical_triangle,breakout,,,0.79,0.79,1,aligned,review,75,119,192.1221366103506,215.0289254222197,0.8151260504201681,0.5746314251975979,0.37815126050420167,0.2835349760550224
AAPL_20250702_120,AAPL,inv_head_and_shoulders,breakout,,,0.76,0.76,1,aligned,review,55,77,201.74500274658203,225.6199951171875,0.5546218487394958,0.4495296953360305,0.19327731092436976,0.29551917755516743
AAPL_20250710_120,AAPL,inv_head_and_shoulders,breakout,,,0.76,0.76,1,aligned,review,50,72,201.74500274658203,225.6199951171875,0.5126050420168067,0.4495296953360305,0.19327731092436976,0.29551917755516743
AAPL_20250717_120,AAPL,bear_flag,breakdown,,,0.83,0.83,1,aligned,review,98,119,195.7866429867952,215.86458325291812,0.9117647058823529,0.5467804251906734,0.18487394957983194,0.24852013782218263
AAPL_20250717_120,AAPL,inv_head_and_shoulders,breakout,,,0.75,0.75,1,aligned,review,45,67,201.74500274658203,225.6199951171875,0.47058823529411764,0.4495296953360305,0.19327731092436976,0.29551917755516743
AAPL_20250724_120,AAPL,rising_wedge,forming,0.5,0.47,,0.48,2,aligned,low_conf,75,119,195.58795252998098,213.68329282014267,0.8151260504201681,0.5615098538784598,0.37815126050420167,0.2239799702182629
AAPL_20250724_120,AAPL,bear_flag,forming,,,0.75,0.75,1,aligned,review,98,119,201.21276547880512,216.39122304803297,0.9117647058823529,0.5099394623127464,0.18487394957983194,0.18787546516399017
AAPL_20250724_120,AAPL,inv_head_and_shoulders,breakout,,,0.75,0.75,1,aligned,review,40,62,201.74500274658203,225.6199951171875,0.42857142857142855,0.4495296953360305,0.19327731092436976,0.29551917755516743
AAPL_20250731_120,AAPL,rising_wedge,breakdown,0.52,0.53,0.7,0.57,3,aligned,review,75,119,192.9947603727044,217.66499328272644,0.8151260504201681,0.5529165352703647,0.37815126050420167,0.30536248248774833
AAPL_20250731_120,AAPL,inv_head_and_shoulders,breakout,,,0.74,0.74,1,aligned,review,35,57,201.74500274658203,225.6199951171875,0.3865546218487395,0.4495296953360305,0.19327731092436976,0.29551917755516743
AAPL_20250807_120,AAPL,double_bottom,breakout,,,0.91,0.91,1,aligned,review,56,68,193.3550033569336,213.94000244140625,0.5210084033613446,0.5737405737448705,0.1092436974789916,0.25479639553338057
AAPL_20250807_120,AAPL,inv_head_and_shoulders,breakout,,,0.74,0.74,1,aligned,review,30,52,201.74500274658203,225.6199951171875,0.3445378151260504,0.4495296953360305,0.19327731092436976,0.29551917755516743
AAPL_20250814_120,AAPL,double_bottom,breakout,,,0.91,0.91,1,aligned,review,51,63,193.3550033569336,213.94000244140625,0.4789915966386555,0.5737405737448705,0.1092436974789916,0.25479639553338057
AAPL_20250814_120,AAPL,inv_head_and_shoulders,breakout,,,0.84,0.84,1,aligned,review,25,91,204.95999908447266,225.6199951171875,0.48739495798319327,0.42963245183395404,0.5630252100840336,0.2557246905510144
AAPL_20250821_120,AAPL,double_bottom,breakout,,,0.9,0.9,1,aligned,review,46,58,193.3550033569336,213.94000244140625,0.4369747899159664,0.5397286843443216,0.1092436974789916,0.27512698833850696
AAPL_20250821_120,AAPL,inv_head_and_shoulders,breakout,,,0.83,0.83,1,aligned,review,20,86,204.95999908447266,225.6199951171875,0.44537815126050423,0.38412195571116625,0.5630252100840336,0.27612935343066847
AAPL_20250828_120,AAPL,double_bottom,breakout,,,0.9,0.9,1,aligned,review,41,53,193.3550033569336,213.94000244140625,0.3949579831932773,0.48562363323293756,0.1092436974789916,0.3074682602358674
AAPL_20250905_120,AAPL,double_bottom,breakout,,,0.9,0.9,1,aligned,review,36,48,193.3550033569336,213.94000244140625,0.35294117647058826,0.522431065125256,0.1092436974789916,0.2854666330638975
AAPL_20250912_120,AAPL,double_bottom,breakout,,,0.89,0.89,1,aligned,review,31,43,193.3550033569336,213.94000244140625,0.31092436974789917,0.522431065125256,0.1092436974789916,0.2854666330638975
AAPL_20250919_120,AAPL,double_bottom,breakout,,,0.89,0.89,1,aligned,review,26,38,193.3550033569336,213.94000244140625,0.2689075630252101,0.5532819065866746,0.1092436974789916,0.26702555535542155
AAPL_20250926_120,AAPL,double_bottom,breakout,,,0.89,0.89,1,aligned,review,21,33,193.3550033569336,213.94000244140625,0.226890756302521,0.6103914874635038,0.1092436974789916,0.2328883270349181
AAPL_20250926_120,AAPL,bear_flag,forming,,,0.81,0.81,1,aligned,review,98,119,225.7630421031605,254.2449063387784,0.9117647058823529,0.19907265532357155,0.18487394957983194,0.3222294878639119
AAPL_20251003_120,AAPL,rising_wedge,forming,0.55,0.53,,0.54,2,aligned,low_conf,75,119,211.1963192704795,257.49251347785986,0.8151260504201681,0.3585708841488827,0.37815126050420167,0.666803962137382
AAPL_20251003_120,AAPL,double_bottom,breakout,,,0.88,0.88,1,aligned,review,16,28,193.3550033569336,213.94000244140625,0.18487394957983194,0.8006984473526668,0.1092436974789916,0.2964856871092998
AAPL_20251010_120,AAPL,double_bottom,breakout,,,0.88,0.88,1,aligned,review,11,23,193.3550033569336,213.94000244140625,0.14285714285714285,0.8424381809689414,0.1092436974789916,0.3119412355019516
AAPL_20251010_120,AAPL,bear_flag,breakdown,,,0.81,0.81,1,aligned,review,98,119,234.7173522828596,259.239990234375,0.9117647058823529,0.18580574011618278,0.18487394957983194,0.371611480232365
AAPL_20251114_120,AAPL,bear_flag,breakdown,,,0.82,0.82,1,aligned,review,98,119,253.7134372877038,277.32000732421875,0.9117647058823529,0.14350498502440723,0.18487394957983194,0.28700997004881385
AAPL_20251208_120,AAPL,rising_wedge,breakdown,,,0.79,0.79,1,aligned,review,75,119,244.10604278232137,288.39644787638485,0.8151260504201681,0.23911013048272856,0.37815126050420167,0.4734410569040434
AAPL_20251230_120,AAPL,rising_wedge,breakdown,0.55,0.39,,0.46,2,aligned,low_conf,75,119,267.66595028494856,278.87461539005886,0.8151260504201681,0.17619046303935704,0.37815126050420167,0.12865777930810504
AAPL_20251230_120,AAPL,bull_flag,breakout,,,0.81,0.81,1,aligned,review,98,119,269.444272489887,284.7005207529181,0.9117647058823529,0.13254819952930375,0.18487394957983194,0.17511764368799065
AAPL_20260107_120,AAPL,bull_flag,forming,,,0.81,0.81,1,aligned,review,98,119,265.3890536462837,281.1424962220927,0.9117647058823529,0.17624220665239854,0.18487394957983194,0.1808246494345944
AAPL_20260114_120,AAPL,falling_wedge,forming,0.56,0.71,,0.65,2,aligned,review,75,119,264.9540489749632,280.9242242343184,0.8151260504201681,0.17999149898314337,0.37815126050420167,0.1833123984668877
MSFT_20250228_120,MSFT,head_and_shoulders,breakdown,,,0.9,0.9,1,aligned,review,41,108,404.3699951171875,421.6750030517578,0.6260504201680672,0.6198808283906899,0.5714285714285714,0.24867091313738174
MSFT_20250228_120,MSFT,double_top,breakdown,,,0.83,0.83,1,aligned,review,68,97,410.7200012207031,452.27000427246094,0.6932773109243697,0.3544331400129368,0.25210084033613445,0.5970686196046616
MSFT_20250228_120,MSFT,bull_flag,forming,,,0.79,0.79,1,aligned,review,98,119,393.8071220307482,425.4617775174469,0.9117647058823529,0.6685666954501535,0.18487394957983194,0.45487364783008677
MSFT_20250307_120,MSFT,head_and_shoulders,breakdown,,,0.89,0.89,1,aligned,review,36,103,404.3699951171875,421.6750030517578,0.5840336134453782,0.5739422894597829,0.5714285714285714,0.23024224443052196
MSFT_20250307_120,MSFT,double_top,breakdown,,,0.82,0.82,1,aligned,review,63,92,410.7200012207031,452.27000427246094,0.6512605042016807,0.32816657415840145,0.25210084033613445,0.5528206629492826
MSFT_20250314_120,MSFT,head_and_shoulders,breakdown,,,0.89,0.89,1,aligned,review,31,98,404.3699951171875,421.6750030517578,0.542016806722689,0.5443218243234917,0.5714285714285714,0.21835972157186515
MSFT_20250314_120,MSFT,double_top,breakdown,,,0.82,0.82,1,aligned,review,58,87,410.7200012207031,452.27000427246094,0.6092436974789915,0.31123029546406744,0.25210084033613445,0.5242902593281743
MSFT_20250314_120,MSFT,falling_wedge,forming,,,0.8,0.8,1,aligned,review,75,119,376.9100036621094,456.1600036621094,0.8151260504201681,0.5,0.37815126050420167,1.0
MSFT_20250321_120,MSFT,head_and_shoulders,breakdown,,,0.88,0.88,1,aligned,review,26,93,404.3699951171875,421.6750030517578,0.5,0.5443218243234917,0.5714285714285714,0.21835972157186515
MSFT_20250321_120,MSFT,double_top,breakdown,,,0.82,0.82,1,aligned,review,53,82,410.7200012207031,452.27000427246094,0.5672268907563025,0.31123029546406744,0.25210084033613445,0.5242902593281743
MSFT_20250328_120,MSFT,head_and_shoulders,breakdown,,,0.88,0.88,1,aligned,review,21,88,404.3699951171875,421.6750030517578,0.4579831932773109,0.5443218243234917,0.5714285714285714,0.21835972157186515
MSFT_20250328_120,MSFT,double_top,breakdown,,,0.81,0.81,1,aligned,review,48,77,410.7200012207031,452.27000427246094,0.5252100840336135,0.31123029546406744,0.25210084033613445,0.5242902593281743
MSFT_20250328_120,MSFT,falling_wedge,forming,,,0.75,0.75,1,aligned,review,75,119,376.9100036621094,440.7822245873775,0.8151260504201681,0.5970206881686552,0.37815126050420167,0.8059586236626897
MSFT_20250404_120,MSFT,head_and_shoulders,breakdown,,,0.84,0.84,1,aligned,review,29,83,404.3699951171875,424.3199920654297,0.47058823529411764,0.4325094459929104,0.46218487394957986,0.2063508322259084
MSFT_20250404_120,MSFT,double_top,breakdown,,,0.81,0.81,1,aligned,review,43,72,410.7200012207031,452.27000427246094,0.4831932773109244,0.2551200122474361,0.25210084033613445,0.4297683719432704
MSFT_20250411_120,MSFT,head_and_shoulders,breakdown,,,0.84,0.84,1,aligned,review,24,78,404.3699951171875,424.3199920654297,0.42857142857142855,0.375460284673637,0.46218487394957986,0.17913260144485132
MSFT_20250411_120,MSFT,double_top,breakdown,,,0.81,0.81,1,aligned,review,38,67,410.7200012207031,452.27000427246094,0.4411764705882353,0.221468995213423,0.25210084033613445,0.37308076567694387
MSFT_20250421_120,MSFT,head_and_shoulders,breakdown,,,0.84,0.84,1,aligned,review,19,73,404.3699951171875,424.3199920654297,0.3865546218487395,0.375460284673637,0.46218487394957986,0.17913260144485132
MSFT_20250421_120,MSFT,double_top,breakdown,,,0.8,0.8,1,aligned,review,33,62,410.7200012207031,452.27000427246094,0.39915966386554624,0.221468995213423,0.25210084033613445,0.37308076567694387
MSFT_20250428_120,MSFT,head_and_shoulders,breakdown,,,0.83,0.83,1,aligned,review,14,68,404.3699951171875,424.3199920654297,0.3445378151260504,0.375460284673637,0.46218487394957986,0.17913260144485132
MSFT_20250428_120,MSFT,double_top,breakdown,,,0.8,0.8,1,aligned,review,28,57,410.7200012207031,452.27000427246094,0.35714285714285715,0.221468995213423,0.25210084033613445,0.37308076567694387
MSFT_20250428_120,MSFT,inv_head_and_shoulders,forming,,,0.77,0.77,1,aligned,review,96,110,366.2900085449219,396.3599853515625,0.865546218487395,0.6719494477405976,0.12605042016806722,0.2700007014905578
MSFT_20250505_120,MSFT,inv_head_and_shoulders,breakout,,,0.76,0.76,1,aligned,review,91,105,366.2900085449219,396.3599853515625,0.8235294117647058,0.6719494477405976,0.12605042016806722,0.2700007014905578
MSFT_20250512_120,MSFT,double_bottom,breakout,,,0.81,0.81,1,aligned,review,38,58,407.5449981689453,448.3800048828125,0.40336134453781514,0.25318760323694045,0.17647058823529413,0.36666075697407663
MSFT_20250512_120,MSFT,inv_head_and_shoulders,breakout,,,0.76,0.76,1,aligned,review,86,100,366.2900085449219,396.3599853515625,0.7815126050420168,0.6719494477405976,0.12605042016806722,0.2700007014905578
MSFT_20250519_120,MSFT,rising_wedge,forming,0.5,0.47,,0.48,2,aligned,low_conf,75,119,356.23721018620734,439.25465839773,0.8151260504201681,0.5387113991462444,0.37815126050420167,0.7231485804792681
MSFT_20250519_120,MSFT,double_bottom,breakout,,,0.81,0.81,1,aligned,review,33,53,407.5449981689453,448.3800048828125,0.36134453781512604,0.27550085518344314,0.17647058823529413,0.3557056712193156
MSFT_20250519_120,MSFT,inv_head_and_shoulders,breakout,,,0.76,0.76,1,aligned,review,81,95,366.2900085449219,396.3599853515625,0.7394957983193278,0.6817509382561275,0.12605042016806722,0.26193362372885504
MSFT_20250527_120,MSFT,rising_wedge,forming,0.63,0.54,,0.58,2,aligned,review,75,119,350.4291430192293,458.0508518974562,0.8151260504201681,0.4882060344423609,0.37815126050420167,0.9264953984615998
MSFT_20250527_120,MSFT,double_bottom,breakout,,,0.8,0.8,1,aligned,review,28,48,407.5449981689453,448.3800048828125,0.31932773109243695,0.2839833818971603,0.17647058823529413,0.3515410246770446
MSFT_20250527_120,MSFT,inv_head_and_shoulders,breakout,,,0.75,0.75,1,aligned,review,76,90,366.2900085449219,396.3599853515625,0.6974789915966386,0.6854770381241149,0.12605042016806722,0.2588668720613105
MSFT_20250527_120,MSFT,bear_flag,breakdown,,,0.69,0.69,1,aligned,review,98,119,398.18391496861875,460.95001220703125,0.9117647058823529,0.27017086458170625,0.18487394957983194,0.5403417291634124
MSFT_20250603_120,MSFT,rising_wedge,breakdown,0.73,0.49,0.9,0.66,3,aligned,review,75,119,344.7900085449219,464.1400146484375,0.8151260504201681,0.5,0.37815126050420167,1.0
MSFT_20250603_120,MSFT,double_bottom,breakout,,,0.8,0.8,1,aligned,review,23,43,407.5449981689453,448.3800048828125,0.2773109243697479,0.30312116692462354,0.17647058823529413,0.34214499057880093
MSFT_20250603_120,MSFT,inv_head_and_shoulders,breakout,,,0.75,0.75,1,aligned,review,71,85,366.2900085449219,396.3599853515625,0.6554621848739496,0.6938836486390081,0.12605042016806722,0.25194784473291176
MSFT_20250610_120,MSFT,rising_wedge,breakdown,0.78,0.57,,0.65,2,aligned,review,75,119,355.6397033101694,473.42999267578125,0.8151260504201681,0.45782922845275464,0.37815126050420167,0.9156584569055088
MSFT_20250610_120,MSFT,double_bottom,breakout,,,0.8,0.8,1,aligned,review,18,38,407.5449981689453,448.3800048828125,0.23529411764705882,0.35344758052558845,0.17647058823529413,0.31743634756925704
MSFT_20250610_120,MSFT,inv_head_and_shoulders,breakout,,,0.74,0.74,1,aligned,review,66,80,366.2900085449219,396.3599853515625,0.6134453781512605,0.7159904158091702,0.12605042016806722,0.23375295799206458
MSFT_20250617_120,MSFT,rising_wedge,breakdown,0.62,0.47,,0.53,2,aligned,low_conf,75,119,375.1918371523059,480.69000244140625,0.8151260504201681,0.3881463209242628,0.37815126050420167,0.7762926418485256
MSFT_20250617_120,MSFT,double_bottom,breakout,,,0.79,0.79,1,aligned,review,13,33,407.5449981689453,448.3800048828125,0.19327731092436976,0.3879875149640559,0.17647058823529413,0.3004783557604233
MSFT_20250617_120,MSFT,inv_head_and_shoulders,breakout,,,0.74,0.74,1,aligned,review,61,75,366.2900085449219,396.3599853515625,0.5714285714285714,0.7311626928316923,0.12605042016806722,0.22126547576996258
MSFT_20250625_120,MSFT,rising_wedge,forming,0.53,0.48,0.88,0.6,3,status_conflict,review,75,119,391.8690012753786,493.2893656516562,0.8151260504201681,0.3470709615284221,0.37815126050420167,0.6771741457964545
MSFT_20250625_120,MSFT,double_bottom,breakout,,,0.79,0.79,1,aligned,review,8,28,407.5449981689453,448.3800048828125,0.15126050420168066,0.4446651593640395,0.17647058823529413,0.2726514636396183
MSFT_20250625_120,MSFT,inv_head_and_shoulders,breakout,,,0.74,0.74,1,aligned,review,56,70,366.2900085449219,396.3599853515625,0.5294117647058824,0.7560593504484721,0.12605042016806722,0.20077438079998566
MSFT_20250702_120,MSFT,rising_wedge,breakdown,0.5,0.37,,0.42,2,aligned,low_conf,75,119,419.3700266962466,500.760009765625,0.8151260504201681,0.2609155043674347,0.37815126050420167,0.5218310087348698
MSFT_20250702_120,MSFT,inv_head_and_shoulders,breakout,,,0.73,0.73,1,aligned,review,51,65,366.2900085449219,396.3599853515625,0.48739495798319327,0.7657563113587337,0.12605042016806722,0.19279333571390136
MSFT_20250710_120,MSFT,inv_head_and_shoulders,breakout,,,0.73,0.73,1,aligned,review,46,60,366.2900085449219,396.3599853515625,0.44537815126050423,0.7744614444975291,0.12605042016806722,0.18562861052793397
MSFT_20250717_120,MSFT,inv_head_and_shoulders,breakout,,,0.72,0.72,1,aligned,review,41,55,366.2900085449219,396.3599853515625,0.40336134453781514,0.7832780204448601,0.12605042016806722,0.17837216278191154
MSFT_20250724_120,MSFT,inv_head_and_shoulders,breakout,,,0.72,0.72,1,aligned,review,36,50,366.2900085449219,396.3599853515625,0.36134453781512604,0.7848985158054458,0.12605042016806722,0.17703842052448548
MSFT_20250731_120,MSFT,inv_head_and_shoulders,breakout,,,0.71,0.71,1,aligned,review,31,45,366.2900085449219,396.3599853515625,0.31932773109243695,0.8265689368261806,0.12605042016806722,0.14274174633962183
MSFT_20250807_120,MSFT,inv_head_and_shoulders,breakout,,,0.71,0.71,1,aligned,review,26,40,366.2900085449219,396.3599853515625,0.2773109243697479,0.8265689368261806,0.12605042016806722,0.14274174633962183
MSFT_20250814_120,MSFT,inv_head_and_shoulders,breakout,,,0.71,0.71,1,aligned,review,21,35,366.2900085449219,396.3599853515625,0.23529411764705882,0.8265689368261806,0.12605042016806722,0.14274174633962183
MSFT_20250821_120,MSFT,head_and_shoulders,breakdown,,,0.77,0.77,1,aligned,review,84,109,488.70001220703125,517.5499877929688,0.8109243697478992,0.24838607850286842,0.2184873949579832,0.13695041813543193
MSFT_20250821_120,MSFT,inv_head_and_shoulders,breakout,,,0.7,0.7,1,aligned,review,16,30,366.2900085449219,396.3599853515625,0.19327731092436976,0.8265689368261806,0.12605042016806722,0.14274174633962183
MSFT_20250828_120,MSFT,head_and_shoulders,breakdown,,,0.77,0.77,1,aligned,review,79,104,488.70001220703125,517.5499877929688,0.7689075630252101,0.24838607850286842,0.2184873949579832,0.13695041813543193
MSFT_20250905_120,MSFT,bull_flag,forming,,,0.83,0.83,1,aligned,review,98,119,495.17181710103756,530.6109122174531,0.9117647058823529,0.20202528628096073,0.18487394957983194,0.16822887354193022
MSFT_20250905_120,MSFT,head_and_shoulders,breakdown,,,0.77,0.77,1,aligned,review,74,99,488.70001220703125,517.5499877929688,0.726890756302521,0.24838607850286842,0.2184873949579832,0.13695041813543193
MSFT_20250912_120,MSFT,head_and_shoulders,breakdown,,,0.76,0.76,1,aligned,review,69,94,488.70001220703125,517.5499877929688,0.6848739495798319,0.24838607850286842,0.2184873949579832,0.13695041813543193
MSFT_20250919_120,MSFT,head_and_shoulders,breakdown,,,0.76,0.76,1,aligned,review,64,89,488.70001220703125,517.5499877929688,0.6428571428571429,0.24838607850286842,0.2184873949579832,0.13695041813543193
MSFT_20250926_120,MSFT,falling_wedge,breakout,0.56,0.55,0.76,0.61,3,aligned,review,75,119,493.14659302357666,549.3812197759777,0.8151260504201681,0.16228095135746456,0.37815126050420167,0.2669449623792812
MSFT_20250926_120,MSFT,head_and_shoulders,forming,,,0.84,0.84,1,aligned,review,59,104,488.70001220703125,510.0299987792969,0.6848739495798319,0.2662347182136453,0.3865546218487395,0.10125313871387807
MSFT_20251003_120,MSFT,falling_wedge,breakout,0.5,0.54,,0.52,2,aligned,low_conf,75,119,501.94215586196987,524.5950369277439,0.8151260504201681,0.21113933361654214,0.37815126050420167,0.11338913406841766
MSFT_20251003_120,MSFT,head_and_shoulders,forming,,,0.83,0.83,1,aligned,review,54,99,488.70001220703125,510.0299987792969,0.6428571428571429,0.2807338425095598,0.3865546218487395,0.1067673776283757
MSFT_20251003_120,MSFT,inv_head_and_shoulders,breakout,,,0.76,0.76,1,aligned,review,83,109,511.2949981689453,532.7000122070312,0.8067226890756303,0.16744672751749778,0.226890756302521,0.10714292806525
MSFT_20251010_120,MSFT,head_and_shoulders,forming,,,0.83,0.83,1,aligned,review,49,94,488.70001220703125,510.0299987792969,0.6008403361344538,0.2867477836961043,0.3865546218487395,0.10905457151978111
MSFT_20251010_120,MSFT,bear_flag,breakdown,,,0.8,0.8,1,aligned,review,98,119,502.96655840364843,526.5085034276186,0.9117647058823529,0.20815213304041413,0.18487394957983194,0.12036372918628671
MSFT_20251010_120,MSFT,inv_head_and_shoulders,forming,,,0.76,0.76,1,aligned,review,78,104,511.2949981689453,532.7000122070312,0.7647058823529411,0.17103380758653253,0.226890756302521,0.10943816707946552
MSFT_20251017_120,MSFT,head_and_shoulders,forming,,,0.82,0.82,1,aligned,review,44,89,488.70001220703125,510.0299987792969,0.5588235294117647,0.3279632975328963,0.3865546218487395,0.12472946233673159
MSFT_20251017_120,MSFT,inv_head_and_shoulders,breakout,,,0.75,0.75,1,aligned,review,73,99,511.2949981689453,532.7000122070312,0.7226890756302521,0.19561724524132107,0.226890756302521,0.12516819376492774
MSFT_20251024_120,MSFT,head_and_shoulders,forming,,,0.82,0.82,1,aligned,review,39,84,488.70001220703125,510.0299987792969,0.5168067226890757,0.4510615618497468,0.3865546218487395,0.1715456165781541
MSFT_20251024_120,MSFT,inv_head_and_shoulders,forming,,,0.77,0.77,1,aligned,review,68,105,511.7749938964844,532.7000122070312,0.726890756302521,0.26711035854833165,0.31932773109243695,0.16828867453012414
MSFT_20251031_120,MSFT,head_and_shoulders,forming,,,0.81,0.81,1,aligned,review,34,79,488.70001220703125,510.0299987792969,0.47478991596638653,0.5094467529515472,0.3865546218487395,0.19375039848313064
MSFT_20251031_120,MSFT,inv_head_and_shoulders,forming,,,0.76,0.76,1,aligned,review,63,100,511.7749938964844,532.7000122070312,0.6848739495798319,0.3016849945806295,0.31932773109243695,0.19007187942662782
MSFT_20251107_120,MSFT,head_and_shoulders,forming,,,0.81,0.81,1,aligned,review,29,74,488.70001220703125,510.0299987792969,0.4327731092436975,0.5264220219225844,0.3865546218487395,0.2002063531210623
MSFT_20251107_120,MSFT,inv_head_and_shoulders,forming,,,0.76,0.76,1,aligned,review,58,95,511.7749938964844,532.7000122070312,0.6428571428571429,0.3117374365637451,0.31932773109243695,0.19640526217645254
MSFT_20251114_120,MSFT,head_and_shoulders,forming,,,0.81,0.81,1,aligned,review,24,69,488.70001220703125,510.0299987792969,0.3907563025210084,0.5600658928477826,0.3865546218487395,0.2130016322361147
MSFT_20251114_120,MSFT,inv_head_and_shoulders,forming,,,0.76,0.76,1,aligned,review,53,90,511.7749938964844,532.7000122070312,0.6008403361344538,0.33166071796447116,0.31932773109243695,0.20895761183986777
MSFT_20251121_120,MSFT,double_top,breakdown,,,0.92,0.92,1,aligned,review,39,101,492.3699951171875,554.5849914550781,0.5882352941176471,0.34591053660143944,0.5294117647058824,0.6731037620507755
MSFT_20251121_120,MSFT,head_and_shoulders,breakdown,,,0.9,0.9,1,aligned,review,78,109,493.25,516.3999938964844,0.7857142857142857,0.5477118095370792,0.2689075630252101,0.2504596785403337
MSFT_20251121_120,MSFT,inv_head_and_shoulders,forming,,,0.75,0.75,1,aligned,review,48,85,511.7749938964844,532.7000122070312,0.5588235294117647,0.3593259853001918,0.31932773109243695,0.22638767780867797
MSFT_20251201_120,MSFT,double_top,breakdown,,,0.91,0.91,1,aligned,review,34,96,492.3699951171875,554.5849914550781,0.5462184873949579,0.35305344283177253,0.5294117647058824,0.6870030699552144
MSFT_20251201_120,MSFT,head_and_shoulders,breakdown,,,0.89,0.89,1,aligned,review,73,104,493.25,516.3999938964844,0.7436974789915967,0.5590218266739007,0.2689075630252101,0.25563156493578704
MSFT_20251201_120,MSFT,bull_flag,breakout,,,0.82,0.82,1,aligned,review,98,119,471.7304344931139,526.3240760531821,0.9117647058823529,0.6230428274622781,0.18487394957983194,0.602844998143306
MSFT_20251201_120,MSFT,inv_head_and_shoulders,forming,,,0.75,0.75,1,aligned,review,43,80,511.7749938964844,532.7000122070312,0.5168067226890757,0.366745914870243,0.31932773109243695,0.23106248757358963
MSFT_20251208_120,MSFT,double_top,breakdown,,,0.91,0.91,1,aligned,review,29,91,492.3699951171875,554.5849914550781,0.5042016806722689,0.35305344283177253,0.5294117647058824,0.6870030699552144
MSFT_20251208_120,MSFT,head_and_shoulders,forming,,,0.89,0.89,1,aligned,review,68,99,493.25,516.3999938964844,0.7016806722689075,0.5590218266739007,0.2689075630252101,0.25563156493578704
MSFT_20251208_120,MSFT,inv_head_and_shoulders,forming,,,0.74,0.74,1,aligned,review,38,75,511.7749938964844,532.7000122070312,0.47478991596638653,0.366745914870243,0.31932773109243695,0.23106248757358963
MSFT_20251215_120,MSFT,head_and_shoulders,breakdown,,,0.88,0.88,1,aligned,review,63,94,493.25,516.3999938964844,0.6596638655462185,0.5590218266739007,0.2689075630252101,0.25563156493578704
MSFT_20251215_120,MSFT,inv_head_and_shoulders,forming,,,0.74,0.74,1,aligned,review,33,70,511.7749938964844,532.7000122070312,0.4327731092436975,0.366745914870243,0.31932773109243695,0.23106248757358963
MSFT_20251222_120,MSFT,head_and_shoulders,forming,,,0.88,0.88,1,aligned,review,58,89,493.25,516.3999938964844,0.6176470588235294,0.5590218266739007,0.2689075630252101,0.25563156493578704
MSFT_20251222_120,MSFT,falling_wedge,breakout,,,0.83,0.83,1,aligned,review,75,119,465.48008966352245,555.2069738769532,0.8151260504201681,0.4980839405125739,0.37815126050420167,0.9908004265942697
MSFT_20251222_120,MSFT,inv_head_and_shoulders,forming,,,0.74,0.74,1,aligned,review,28,65,511.7749938964844,532.7000122070312,0.3907563025210084,0.366745914870243,0.31932773109243695,0.23106248757358963
MSFT_20251230_120,MSFT,falling_wedge,breakout,0.65,0.62,,0.63,2,aligned,review,75,119,468.28128119574666,524.3452111285666,0.8151260504201681,0.6530120101495391,0.37815126050420167,0.6190805150645644
MSFT_20251230_120,MSFT,head_and_shoulders,forming,,,0.88,0.88,1,aligned,review,53,84,493.25,516.3999938964844,0.5756302521008403,0.5590218266739007,0.2689075630252101,0.25563156493578704
MSFT_20251230_120,MSFT,inv_head_and_shoulders,forming,,,0.73,0.73,1,aligned,review,23,60,511.7749938964844,532.7000122070312,0.3487394957983193,0.366745914870243,0.31932773109243695,0.23106248757358963
MSFT_20260107_120,MSFT,falling_wedge,breakout,0.58,0.47,0.68,0.56,3,aligned,review,75,119,464.8900146484375,513.5774812276891,0.8151260504201681,0.7311866834594931,0.37815126050420167,0.5376266330810137
MSFT_20260107_120,MSFT,head_and_shoulders,forming,,,0.87,0.87,1,aligned,review,48,79,493.25,516.3999938964844,0.5336134453781513,0.5590218266739007,0.2689075630252101,0.25563156493578704
MSFT_20260107_120,MSFT,inv_head_and_shoulders,forming,,,0.73,0.73,1,aligned,review,18,55,511.7749938964844,532.7000122070312,0.3067226890756303,0.366745914870243,0.31932773109243695,0.23106248757358963
MSFT_20260114_120,MSFT,falling_wedge,forming,0.58,0.61,,0.6,2,aligned,review,75,119,470.36459887223543,501.07731591561003,0.8151260504201681,0.709493851029608,0.37815126050420167,0.3125022123000308
MSFT_20260114_120,MSFT,head_and_shoulders,breakdown,,,0.87,0.87,1,aligned,review,43,74,493.25,516.3999938964844,0.49159663865546216,0.5151100517662344,0.2689075630252101,0.23555142637385773
MSFT_20260114_120,MSFT,inv_head_and_shoulders,forming,,,0.72,0.72,1,aligned,review,13,50,511.7749938964844,532.7000122070312,0.2647058823529412,0.33793762278993644,0.31932773109243695,0.2129122768666011
MSFT_20260122_120,MSFT,falling_wedge,forming,0.5,0.5,,0.5,2,aligned,low_conf,75,119,462.4591026416723,496.37234836154516,0.8151260504201681,0.6458993340893628,0.37815126050420167,0.2947953076956608
MSFT_20260122_120,MSFT,head_and_shoulders,breakdown,,,0.86,0.86,1,aligned,review,38,69,493.25,516.3999938964844,0.4495798319327731,0.425025930926908,0.2689075630252101,0.2012343386486207
MSFT_20260122_120,MSFT,inv_head_and_shoulders,breakout,,,0.69,0.69,1,aligned,review,73,85,482.06500244140625,513.5,0.6638655462184874,0.4862437427545939,0.1092436974789916,0.2732528126102562
MSFT_20260129_120,MSFT,head_and_shoulders,breakdown,,,0.86,0.86,1,aligned,review,33,64,493.25,516.3999938964844,0.40756302521008403,0.3684625508789271,0.2689075630252101,0.17445363293764732
MSFT_20260129_120,MSFT,inv_head_and_shoulders,breakout,,,0.68,0.68,1,aligned,review,68,80,482.06500244140625,513.5,0.6218487394957983,0.42153336247873596,0.1092436974789916,0.2368877309430117
MSFT_20260205_120,MSFT,double_top,breakdown,,,0.87,0.87,1,aligned,review,87,113,438.67999267578125,486.6699981689453,0.8403361344537815,0.564095389953853,0.226890756302521,0.29733591314702856
MSFT_20260205_120,MSFT,head_and_shoulders,breakdown,,,0.85,0.85,1,aligned,review,28,59,493.25,516.3999938964844,0.36554621848739494,0.3029429048883726,0.2689075630252101,0.1434324606514124
MSFT_20260205_120,MSFT,inv_head_and_shoulders,forming,,,0.68,0.68,1,aligned,review,63,75,482.06500244140625,513.5,0.5798319327731093,0.3465767173137567,0.1092436974789916,0.1947645891641018
MSFT_20260212_120,MSFT,double_top,breakdown,,,0.87,0.87,1,aligned,review,82,108,438.67999267578125,486.6699981689453,0.7983193277310925,0.564095389953853,0.226890756302521,0.29733591314702856
MSFT_20260212_120,MSFT,head_and_shoulders,breakdown,,,0.85,0.85,1,aligned,review,23,54,493.25,516.3999938964844,0.3235294117647059,0.3029429048883726,0.2689075630252101,0.1434324606514124
MSFT_20260212_120,MSFT,inv_head_and_shoulders,forming,,,0.68,0.68,1,aligned,review,58,70,482.06500244140625,513.5,0.5378151260504201,0.3465767173137567,0.1092436974789916,0.1947645891641018
MSFT_20260220_120,MSFT,double_top,breakdown,,,0.86,0.86,1,aligned,review,77,103,438.67999267578125,486.6699981689453,0.7563025210084033,0.564095389953853,0.226890756302521,0.29733591314702856
MSFT_20260220_120,MSFT,head_and_shoulders,breakdown,,,0.78,0.78,1,aligned,review,31,49,493.25,522.2650146484375,0.33613445378151263,0.28477369149708986,0.15966386554621848,0.17977088743397784
MSFT_20260220_120,MSFT,inv_head_and_shoulders,forming,,,0.67,0.67,1,aligned,review,53,65,482.06500244140625,513.5,0.4957983193277311,0.3465767173137567,0.1092436974789916,0.1947645891641018
NVDA_20250228_120,NVDA,double_top,breakdown,,,0.92,0.92,1,aligned,review,54,84,126.86000061035156,153.01000213623047,0.5798319327731093,0.25287469342793123,0.2605042016806723,0.5011498188859799
NVDA_20250228_120,NVDA,head_and_shoulders,forming,,,0.85,0.85,1,aligned,review,39,71,126.86000061035156,143.15999603271484,0.46218487394957986,0.34725955933161956,0.2773109243697479,0.3123800870786032
NVDA_20250228_120,NVDA,inv_head_and_shoulders,breakout,,,0.8,0.8,1,aligned,review,54,76,132.97000122070312,152.88999938964844,0.5462184873949579,0.1954772523305618,0.19327731092436976,0.3817553687213587
NVDA_20250307_120,NVDA,double_top,breakdown,,,0.91,0.91,1,aligned,review,49,79,126.86000061035156,153.01000213623047,0.5378151260504201,0.2895545619653398,0.2605042016806723,0.5738423814556018
NVDA_20250307_120,NVDA,head_and_shoulders,breakdown,,,0.85,0.85,1,aligned,review,34,66,126.86000061035156,143.15999603271484,0.42016806722689076,0.39763009982333697,0.2773109243697479,0.3576913057396075
NVDA_20250307_120,NVDA,inv_head_and_shoulders,forming,,,0.79,0.79,1,aligned,review,49,71,132.97000122070312,152.88999938964844,0.5042016806722689,0.22383153254872967,0.19327731092436976,0.437129580147304
NVDA_20250314_120,NVDA,double_top,breakdown,,,0.91,0.91,1,aligned,review,44,74,126.86000061035156,153.01000213623047,0.4957983193277311,0.27284948844729073,0.2605042016806723,0.5407360849948483
NVDA_20250314_120,NVDA,head_and_shoulders,forming,,,0.84,0.84,1,aligned,review,29,61,126.86000061035156,143.15999603271484,0.37815126050420167,0.37468989813750353,0.2773109243697479,0.3370552656144225
NVDA_20250314_120,NVDA,bull_flag,breakout,,,0.82,0.82,1,aligned,review,98,119,105.85019783351733,142.92838052138978,0.9117647058823529,0.5943075022418534,0.18487394957983194,0.7667116701894741
NVDA_20250314_120,NVDA,inv_head_and_shoulders,breakout,,,0.79,0.79,1,aligned,review,44,66,132.97000122070312,152.88999938964844,0.46218487394957986,0.21091817286444436,0.19327731092436976,0.41191056192942244
NVDA_20250321_120,NVDA,double_top,breakdown,,,0.91,0.91,1,aligned,review,39,69,126.86000061035156,153.01000213623047,0.453781512605042,0.27284948844729073,0.2605042016806723,0.5407360849948483
NVDA_20250321_120,NVDA,head_and_shoulders,forming,,,0.84,0.84,1,aligned,review,24,56,126.86000061035156,143.15999603271484,0.33613445378151263,0.37468989813750353,0.2773109243697479,0.3370552656144225
NVDA_20250321_120,NVDA,inv_head_and_shoulders,breakout,,,0.79,0.79,1,aligned,review,39,61,132.97000122070312,152.88999938964844,0.42016806722689076,0.21091817286444436,0.19327731092436976,0.41191056192942244
NVDA_20250328_120,NVDA,falling_wedge,forming,0.58,0.72,,0.67,2,aligned,review,75,119,112.61156462885913,135.53947778231858,0.8151260504201681,0.6007956725975981,0.37815126050420167,0.47410895878664217
NVDA_20250328_120,NVDA,double_top,breakdown,,,0.86,0.86,1,aligned,review,56,91,113.01000213623047,142.6699981689453,0.6176470588235294,0.5229528623082259,0.3025210084033613,0.6133166042006152
NVDA_20250328_120,NVDA,inv_head_and_shoulders,forming,,,0.78,0.78,1,aligned,review,34,56,132.97000122070312,152.88999938964844,0.37815126050420167,0.21091817286444436,0.19327731092436976,0.41191056192942244
NVDA_20250404_120,NVDA,double_top,breakdown,,,0.86,0.86,1,aligned,review,51,86,113.01000213623047,142.6699981689453,0.5756302521008403,0.4144543257863764,0.3025210084033613,0.48607004188789865
NVDA_20250404_120,NVDA,inv_head_and_shoulders,forming,,,0.78,0.78,1,aligned,review,29,51,132.97000122070312,152.88999938964844,0.33613445378151263,0.16715837206586537,0.19327731092436976,0.32645029128481146
NVDA_20250404_120,NVDA,falling_wedge,forming,,,0.72,0.72,1,aligned,review,75,119,102.5353794238887,147.84852945251225,0.8151260504201681,0.45785067991581263,0.37815126050420167,0.7425949992775389
NVDA_20250411_120,NVDA,double_top,breakdown,,,0.86,0.86,1,aligned,review,46,81,113.01000213623047,142.6699981689453,0.5336134453781513,0.38024363130260985,0.3025210084033613,0.44594790377488114
NVDA_20250411_120,NVDA,inv_head_and_shoulders,breakout,,,0.77,0.77,1,aligned,review,24,46,132.97000122070312,152.88999938964844,0.29411764705882354,0.15336046083330968,0.19327731092436976,0.29950379685966283
NVDA_20250421_120,NVDA,double_top,breakdown,,,0.85,0.85,1,aligned,review,41,76,113.01000213623047,142.6699981689453,0.49159663865546216,0.38024363130260985,0.3025210084033613,0.44594790377488114
NVDA_20250421_120,NVDA,inv_head_and_shoulders,forming,,,0.76,0.76,1,aligned,review,28,41,132.81500244140625,146.5399932861328,0.28991596638655465,0.2022629166585891,0.11764705882352941,0.20635980159215858
NVDA_20250428_120,NVDA,falling_wedge,breakout,0.49,0.56,,0.53,2,aligned,low_conf,75,119,98.03999964764733,126.94282800794224,0.8151260504201681,0.6110147308637712,0.37815126050420167,0.43456363602415915
NVDA_20250428_120,NVDA,double_top,breakdown,,,0.85,0.85,1,aligned,review,36,71,113.01000213623047,142.6699981689453,0.4495798319327731,0.38024363130260985,0.3025210084033613,0.44594790377488114
NVDA_20250428_120,NVDA,inv_head_and_shoulders,forming,,,0.75,0.75,1,aligned,review,23,36,132.81500244140625,146.5399932861328,0.24789915966386555,0.2022629166585891,0.11764705882352941,0.20635980159215858
NVDA_20250505_120,NVDA,falling_wedge,breakout,0.52,0.57,,0.55,2,aligned,low_conf,75,119,102.23531529523324,118.99138019211625,0.8151260504201681,0.6392520789888435,0.37815126050420167,0.2519330079491212
NVDA_20250505_120,NVDA,inv_head_and_shoulders,breakout,,,0.75,0.75,1,aligned,review,18,31,132.81500244140625,146.5399932861328,0.20588235294117646,0.2022629166585891,0.11764705882352941,0.20635980159215858
NVDA_20250505_120,NVDA,double_top,breakdown,,,0.73,0.73,1,aligned,review,39,50,129.50999450683594,151.0500030517578,0.3739495798319328,0.19320411503213208,0.10084033613445378,0.3238611915964476
NVDA_20250512_120,NVDA,falling_wedge,breakout,0.52,0.53,,0.53,2,aligned,low_conf,75,119,106.19393309809736,115.45796970975574,0.8151260504201681,0.6360555122556726,0.37815126050420167,0.13928787120895186
NVDA_20250512_120,NVDA,inv_head_and_shoulders,breakout,,,0.75,0.75,1,aligned,review,13,26,132.81500244140625,146.5399932861328,0.1638655462184874,0.2022629166585891,0.11764705882352941,0.20635980159215858
NVDA_20250512_120,NVDA,double_top,breakdown,,,0.73,0.73,1,aligned,review,34,45,129.50999450683594,151.0500030517578,0.3319327731092437,0.19320411503213208,0.10084033613445378,0.3238611915964476
NVDA_20250519_120,NVDA,rising_wedge,forming,0.56,0.5,,0.52,2,aligned,low_conf,75,119,103.995371854478,120.05839758241811,0.8151260504201681,0.617999080501819,0.37815126050420167,0.24151293357409154
NVDA_20250527_120,NVDA,rising_wedge,forming,0.63,0.54,,0.58,2,aligned,review,75,119,97.35561376746728,129.30215482850005,0.8151260504201681,0.5984230838439214,0.37815126050420167,0.4803268686655222
NVDA_20250527_120,NVDA,bear_flag,breakdown,,,0.85,0.85,1,aligned,review,98,119,103.82834127674933,140.1266795524024,0.9117647058823529,0.46838811408286973,0.18487394957983194,0.5457575869762306
NVDA_20250603_120,NVDA,rising_wedge,forming,0.67,0.57,0.86,0.67,3,aligned,review,75,119,86.62000274658203,142.2478674104174,0.8151260504201681,0.5818082778745484,0.37815126050420167,0.8363834442509032
NVDA_20250603_120,NVDA,inv_head_and_shoulders,breakout,,,0.92,0.92,1,aligned,review,30,46,129.33499908447266,148.97000122070312,0.31932773109243695,0.21015643183404054,0.14285714285714285,0.2952187867324478
NVDA_20250610_120,NVDA,rising_wedge,forming,0.7,0.68,0.87,0.73,3,status_conflict,review,75,119,86.62000274658203,148.29594895646377,0.8151260504201681,0.5363408192082694,0.37815126050420167,0.9273183615834613
NVDA_20250610_120,NVDA,inv_head_and_shoulders,breakout,,,0.91,0.91,1,aligned,review,25,41,129.33499908447266,148.97000122070312,0.2773109243697479,0.21015643183404054,0.14285714285714285,0.2952187867324478
NVDA_20250617_120,NVDA,rising_wedge,breakdown,0.5,0.44,,0.46,2,aligned,low_conf,75,119,98.76546901389597,151.29964169119876,0.8151260504201681,0.42245449748616704,0.37815126050420167,0.7898687564270198
NVDA_20250617_120,NVDA,inv_head_and_shoulders,breakout,,,0.91,0.91,1,aligned,review,20,36,129.33499908447266,148.97000122070312,0.23529411764705882,0.21015643183404054,0.14285714285714285,0.2952187867324478
NVDA_20250625_120,NVDA,inv_head_and_shoulders,breakout,,,0.9,0.9,1,aligned,review,15,31,129.33499908447266,148.97000122070312,0.19327731092436976,0.22552702496442034,0.14285714285714285,0.28947374044961804
NVDA_20250710_120,NVDA,rising_wedge,forming,0.49,0.47,,0.48,2,aligned,low_conf,75,119,118.85715799377735,162.69939106374554,0.8151260504201681,0.3045933013331926,0.37815126050420167,0.5629460017481454
NVDA_20250717_120,NVDA,rising_wedge,forming,0.48,0.46,,0.47,2,aligned,low_conf,75,119,125.48782478369375,167.66462810719074,0.8151260504201681,0.3150991195817372,0.37815126050420167,0.4818003527803928
NVDA_20250821_120,NVDA,rising_wedge,breakdown,,,0.76,0.76,1,aligned,review,75,119,141.6497983913072,184.47999572753906,0.8151260504201681,0.21883405072676831,0.37815126050420167,0.4376681014535364
NVDA_20250905_120,NVDA,double_top,breakdown,,,0.92,0.92,1,aligned,review,102,114,168.8000030517578,184.4749984741211,0.907563025210084,0.08013995020545028,0.1092436974789916,0.16017776973899375
NVDA_20250905_120,NVDA,bull_flag,forming,,,0.78,0.78,1,aligned,review,98,119,169.52565509057328,184.47999572753906,0.9117647058823529,0.07640681437549146,0.18487394957983194,0.15281362875098312
NVDA_20250926_120,NVDA,inv_head_and_shoulders,breakout,,,0.77,0.77,1,aligned,review,87,108,169.6500015258789,184.47999572753906,0.819327731092437,0.07643219035763882,0.18487394957983194,0.15143463857291914
NVDA_20251003_120,NVDA,double_bottom,breakout,,,0.92,0.92,1,aligned,review,88,107,168.6050033569336,184.47000122070312,0.819327731092437,0.15115613415305817,0.16806722689075632,0.16524317790617665
NVDA_20251003_120,NVDA,inv_head_and_shoulders,breakout,,,0.76,0.76,1,aligned,review,82,103,169.6500015258789,184.47999572753906,0.7773109243697479,0.1456619530661527,0.18487394957983194,0.15446301293293993
NVDA_20251003_120,NVDA,bear_flag,forming,,,0.72,0.72,1,aligned,review,98,119,167.24237494789094,188.48221494652066,0.9117647058823529,0.13735764827751729,0.18487394957983194,0.22122528409583925
NVDA_20251010_120,NVDA,inv_head_and_shoulders,breakout,,,0.76,0.76,1,aligned,review,77,98,169.6500015258789,184.47999572753906,0.7352941176470589,0.1886820945846348,0.18487394957983194,0.15080328202072676
NVDA_20251017_120,NVDA,inv_head_and_shoulders,breakout,,,0.76,0.76,1,aligned,review,72,93,169.6500015258789,184.47999572753906,0.6932773109243697,0.2026982505065288,0.18487394957983194,0.16200562911671873
NVDA_20251024_120,NVDA,double_bottom,breakout,,,0.92,0.92,1,aligned,review,73,92,168.6050033569336,184.47000122070312,0.6932773109243697,0.2250294087083965,0.16806722689075632,0.18708724905880886
NVDA_20251024_120,NVDA,inv_head_and_shoulders,breakout,,,0.75,0.75,1,aligned,review,67,88,169.6500015258789,184.47999572753906,0.6512605042016807,0.21880893268993307,0.18487394957983194,0.17488201653545396
NVDA_20251024_120,NVDA,rising_wedge,forming,,,0.68,0.68,1,aligned,review,75,119,163.41826171100442,191.63299218495922,0.8151260504201681,0.21337699464584947,0.37815126050420167,0.3327208961913938
NVDA_20251031_120,NVDA,double_bottom,breakout,,,0.91,0.91,1,aligned,review,68,87,168.6050033569336,184.47000122070312,0.6512605042016807,0.406435244601586,0.16806722689075632,0.18085952625391863
NVDA_20251031_120,NVDA,inv_head_and_shoulders,breakout,,,0.81,0.81,1,aligned,review,62,104,173.8249969482422,195.6199951171875,0.6974789915966386,0.31312706368509147,0.36134453781512604,0.24846098798048571
NVDA_20251107_120,NVDA,double_bottom,breakout,,,0.91,0.91,1,aligned,review,63,82,168.6050033569336,184.47000122070312,0.6092436974789915,0.4293929986360263,0.16806722689075632,0.19107549195490764
NVDA_20251107_120,NVDA,inv_head_and_shoulders,forming,,,0.81,0.81,1,aligned,review,57,99,173.8249969482422,195.6199951171875,0.6554621848739496,0.330814245604208,0.36134453781512604,0.262495465366426
NVDA_20251114_120,NVDA,double_bottom,breakout,,,0.91,0.91,1,aligned,review,58,77,168.6050033569336,184.47000122070312,0.5672268907563025,0.4497602905387236,0.16806722689075632,0.20013872850617676
NVDA_20251114_120,NVDA,inv_head_and_shoulders,forming,,,0.81,0.81,1,aligned,review,52,94,173.8249969482422,195.6199951171875,0.6134453781512605,0.3465056758957922,0.36134453781512604,0.27494634785224903
NVDA_20251121_120,NVDA,inv_head_and_shoulders,forming,,,0.8,0.8,1,aligned,review,47,89,173.8249969482422,195.6199951171875,0.5714285714285714,0.37442074945696724,0.36134453781512604,0.2970964829281899
NVDA_20251201_120,NVDA,head_and_shoulders,breakdown,,,0.92,0.92,1,aligned,review,92,104,176.75999450683594,195.80999755859375,0.8235294117647058,0.36312037760692384,0.1092436974789916,0.26703117507226215
NVDA_20251201_120,NVDA,bull_flag,breakout,,,0.84,0.84,1,aligned,review,98,119,170.7481419257967,207.1449410057822,0.9117647058823529,0.32581247783540435,0.18487394957983194,0.5101878462061844
NVDA_20251201_120,NVDA,inv_head_and_shoulders,forming,,,0.8,0.8,1,aligned,review,42,84,173.8249969482422,195.6199951171875,0.5294117647058824,0.38502253740799064,0.36134453781512604,0.30550882096652693
NVDA_20251208_120,NVDA,head_and_shoulders,forming,,,0.92,0.92,1,aligned,review,87,99,176.75999450683594,195.80999755859375,0.7815126050420168,0.36922755211715685,0.1092436974789916,0.2715222642162711
NVDA_20251208_120,NVDA,double_bottom,breakout,,,0.9,0.9,1,aligned,review,43,62,168.6050033569336,184.47000122070312,0.4411764705882353,0.5081598958331068,0.16806722689075632,0.22612595546852265
NVDA_20251208_120,NVDA,inv_head_and_shoulders,forming,,,0.79,0.79,1,aligned,review,37,79,173.8249969482422,195.6199951171875,0.48739495798319327,0.39149807547010596,0.36134453781512604,0.3106470500473466
NVDA_20251215_120,NVDA,double_top,breakdown,,,0.92,0.92,1,aligned,review,74,103,176.75999450683594,195.80999755859375,0.7436974789915967,0.4267711319784768,0.25210084033613445,0.31383861630176707
NVDA_20251215_120,NVDA,head_and_shoulders,breakdown,,,0.91,0.91,1,aligned,review,82,94,176.75999450683594,195.80999755859375,0.7394957983193278,0.4267711319784768,0.1092436974789916,0.31383861630176707
NVDA_20251215_120,NVDA,inv_head_and_shoulders,forming,,,0.79,0.79,1,aligned,review,32,74,173.8249969482422,195.6199951171875,0.44537815126050423,0.45251248417874657,0.36134453781512604,0.35906094340547534
NVDA_20251222_120,NVDA,falling_wedge,breakout,0.51,0.57,0.85,0.62,3,aligned,review,75,119,171.3548700731854,212.19000244140625,0.8151260504201681,0.3722436447058437,0.37815126050420167,0.7444872894116873
NVDA_20251222_120,NVDA,head_and_shoulders,breakdown,,,0.91,0.91,1,aligned,review,77,89,176.75999450683594,195.80999755859375,0.6974789915966386,0.4722881226266813,0.1092436974789916,0.34731086475734774
NVDA_20251222_120,NVDA,inv_head_and_shoulders,forming,,,0.79,0.79,1,aligned,review,27,69,173.8249969482422,195.6199951171875,0.40336134453781514,0.5007749015898627,0.36134453781512604,0.39735634901868055
NVDA_20251230_120,NVDA,falling_wedge,breakout,0.64,0.64,0.71,0.66,3,aligned,review,75,119,168.75410863849996,209.21523203130664,0.8151260504201681,0.4625340433212696,0.37815126050420167,0.8064804638133649
NVDA_20251230_120,NVDA,head_and_shoulders,forming,,,0.9,0.9,1,aligned,review,72,84,176.75999450683594,195.80999755859375,0.6554621848739496,0.5163445755261423,0.1092436974789916,0.379709064122501
NVDA_20251230_120,NVDA,inv_head_and_shoulders,forming,,,0.78,0.78,1,aligned,review,22,64,173.8249969482422,195.6199951171875,0.36134453781512604,0.547488686688721,0.36134453781512604,0.43442294128757175
NVDA_20260107_120,NVDA,falling_wedge,breakout,0.64,0.57,,0.6,2,aligned,review,75,119,179.5979022777023,193.20554626759693,0.8151260504201681,0.5359160595497559,0.37815126050420167,0.2827856477698238
NVDA_20260107_120,NVDA,double_bottom,breakout,,,0.91,0.91,1,aligned,review,91,106,169.93000030517578,188.0,0.8277310924369747,0.690461464260437,0.13445378151260504,0.375519566259681
NVDA_20260107_120,NVDA,head_and_shoulders,forming,,,0.9,0.9,1,aligned,review,67,79,176.75999450683594,195.80999755859375,0.6134453781512605,0.5383418336931347,0.1092436974789916,0.39588539037389747
NVDA_20260107_120,NVDA,inv_head_and_shoulders,forming,,,0.78,0.78,1,aligned,review,17,59,173.8249969482422,195.6199951171875,0.31932773109243695,0.5708127430561721,0.36134453781512604,0.45293018247128985
NVDA_20260114_120,NVDA,head_and_shoulders,forming,,,0.9,0.9,1,aligned,review,62,86,169.5500030517578,194.625,0.6218487394957983,0.6255715704504577,0.21008403361344538,0.5210930900382802
NVDA_20260114_120,NVDA,inv_head_and_shoulders,forming,,,0.77,0.77,1,aligned,review,12,54,173.8249969482422,195.6199951171875,0.2773109243697479,0.5708127430561721,0.36134453781512604,0.45293018247128985
NVDA_20260122_120,NVDA,rising_wedge,forming,0.61,0.73,,0.68,2,aligned,review,75,119,176.9009469884605,188.1707443605875,0.8151260504201681,0.6162543594334315,0.37815126050420167,0.23420196416648514
NVDA_20260122_120,NVDA,head_and_shoulders,forming,,,0.89,0.89,1,aligned,review,57,81,169.5500030517578,194.625,0.5798319327731093,0.6255715704504577,0.21008403361344538,0.5210930900382802
NVDA_20260122_120,NVDA,inv_head_and_shoulders,forming,,,0.72,0.72,1,aligned,review,19,49,172.77999877929688,195.6199951171875,0.2857142857142857,0.5816709961212484,0.2605042016806723,0.47464668860144243
NVDA_20260129_120,NVDA,rising_wedge,forming,0.5,0.47,,0.48,2,aligned,low_conf,75,119,176.15027971498054,190.91190359511816,0.8151260504201681,0.5955717725357896,0.37815126050420167,0.30676694468044663
NVDA_20260129_120,NVDA,double_bottom,breakout,,,0.9,0.9,1,aligned,review,76,91,169.93000030517578,188.0,0.7016806722689075,0.690461464260437,0.13445378151260504,0.375519566259681
NVDA_20260129_120,NVDA,head_and_shoulders,forming,,,0.89,0.89,1,aligned,review,52,76,169.5500030517578,194.625,0.5378151260504201,0.6255715704504577,0.21008403361344538,0.5210930900382802
NVDA_20260129_120,NVDA,inv_head_and_shoulders,breakout,,,0.85,0.85,1,aligned,review,65,102,178.26000213623047,199.94000244140625,0.7016806722689075,0.47984211337420946,0.31932773109243695,0.4505403679359917
NVDA_20260205_120,NVDA,double_top,breakdown,,,0.9,0.9,1,aligned,review,39,68,176.75999450683594,195.80999755859375,0.4495798319327731,0.5383418336931347,0.25210084033613445,0.39588539037389747
NVDA_20260205_120,NVDA,head_and_shoulders,forming,,,0.89,0.89,1,aligned,review,47,71,169.5500030517578,194.625,0.4957983193277311,0.6255715704504577,0.21008403361344538,0.5210930900382802
NVDA_20260205_120,NVDA,inv_head_and_shoulders,forming,,,0.85,0.85,1,aligned,review,60,97,178.26000213623047,199.94000244140625,0.6596638655462185,0.47984211337420946,0.31932773109243695,0.4505403679359917
NVDA_20260212_120,NVDA,head_and_shoulders,forming,,,0.91,0.91,1,aligned,review,42,66,169.5500030517578,195.05500030517578,0.453781512605042,0.6211035701511165,0.21008403361344538,0.5300290906369626
NVDA_20260212_120,NVDA,inv_head_and_shoulders,forming,,,0.84,0.84,1,aligned,review,55,92,178.26000213623047,199.94000244140625,0.6176470588235294,0.47984211337420946,0.31932773109243695,0.4505403679359917
NVDA_20260220_120,NVDA,head_and_shoulders,forming,,,0.9,0.9,1,aligned,review,37,61,169.5500030517578,195.05500030517578,0.4117647058823529,0.6211035701511165,0.21008403361344538,0.5300290906369626
NVDA_20260220_120,NVDA,double_bottom,breakout,,,0.89,0.89,1,aligned,review,61,76,169.93000030517578,188.0,0.5756302521008403,0.690461464260437,0.13445378151260504,0.375519566259681
NVDA_20260220_120,NVDA,inv_head_and_shoulders,breakout,,,0.84,0.84,1,aligned,review,50,87,178.26000213623047,199.94000244140625,0.5756302521008403,0.47984211337420946,0.31932773109243695,0.4505403679359917
SPY_20250228_120,SPY,inv_head_and_shoulders,forming,,,0.82,0.82,1,aligned,review,67,95,600.3200073242188,610.780029296875,0.680672268907563,0.10407866167621327,0.24369747899159663,0.1417539651357555
SPY_20250228_120,SPY,rising_wedge,breakdown,,,0.81,0.81,1,aligned,review,75,119,572.5531077233246,613.22998046875,0.8151260504201681,0.27562599849502734,0.37815126050420167,0.5512519969900531
SPY_20250307_120,SPY,rising_wedge,breakdown,,,0.88,0.88,1,aligned,review,75,119,571.4059354341947,613.22998046875,0.8151260504201681,0.3888440843904891,0.37815126050420167,0.7776881687809803
SPY_20250307_120,SPY,inv_head_and_shoulders,forming,,,0.82,0.82,1,aligned,review,62,90,600.3200073242188,610.780029296875,0.6386554621848739,0.14280339699772227,0.24369747899159663,0.1944966185504766
SPY_20250314_120,SPY,inv_head_and_shoulders,forming,,,0.81,0.81,1,aligned,review,57,85,600.3200073242188,610.780029296875,0.5966386554621849,0.12084915237470506,0.24369747899159663,0.16459518460857298
SPY_20250321_120,SPY,inv_head_and_shoulders,forming,,,0.81,0.81,1,aligned,review,52,80,600.3200073242188,610.780029296875,0.5546218487394958,0.12084915237470506,0.24369747899159663,0.16459518460857298
SPY_20250321_120,SPY,bull_flag,breakout,,,0.78,0.78,1,aligned,review,98,119,549.6799926757812,607.1033235934411,0.9117647058823529,0.548203446515743,0.18487394957983194,0.9035931069685158
SPY_20250328_120,SPY,inv_head_and_shoulders,forming,,,0.8,0.8,1,aligned,review,47,75,600.3200073242188,610.780029296875,0.5126050420168067,0.12084915237470506,0.24369747899159663,0.16459518460857298
SPY_20250404_120,SPY,inv_head_and_shoulders,forming,,,0.8,0.8,1,aligned,review,42,70,600.3200073242188,610.780029296875,0.47058823529411764,0.07099901425131905,0.24369747899159663,0.0966998578648582
SPY_20250411_120,SPY,inv_head_and_shoulders,forming,,,0.8,0.8,1,aligned,review,37,65,600.3200073242188,610.780029296875,0.42857142857142855,0.058433862787685587,0.24369747899159663,0.07958626307207982
SPY_20250421_120,SPY,inv_head_and_shoulders,forming,,,0.79,0.79,1,aligned,review,32,60,600.3200073242188,610.780029296875,0.3865546218487395,0.058433862787685587,0.24369747899159663,0.07958626307207982
SPY_20250428_120,SPY,inv_head_and_shoulders,forming,,,0.79,0.79,1,aligned,review,27,55,600.3200073242188,610.780029296875,0.3445378151260504,0.058433862787685587,0.24369747899159663,0.07958626307207982
SPY_20250505_120,SPY,falling_wedge,breakout,,,0.78,0.78,1,aligned,review,75,119,511.60891030172957,598.5460861917038,0.8151260504201681,0.44245975395804105,0.37815126050420167,0.6614713591625593
SPY_20250505_120,SPY,inv_head_and_shoulders,forming,,,0.78,0.78,1,aligned,review,22,50,600.3200073242188,610.780029296875,0.3025210084033613,0.058433862787685587,0.24369747899159663,0.07958626307207982
SPY_20250512_120,SPY,inv_head_and_shoulders,forming,,,0.78,0.78,1,aligned,review,17,45,600.3200073242188,610.780029296875,0.2605042016806723,0.058433862787685587,0.24369747899159663,0.07958626307207982
SPY_20250519_120,SPY,rising_wedge,forming,0.6,0.52,,0.55,2,aligned,review,75,119,535.971641297271,567.4800017573408,0.8151260504201681,0.46796136627022356,0.37815126050420167,0.23973493278506308
SPY_20250519_120,SPY,inv_head_and_shoulders,forming,,,0.78,0.78,1,aligned,review,12,40,600.3200073242188,610.780029296875,0.2184873949579832,0.058433862787685587,0.24369747899159663,0.07958626307207982
SPY_20250527_120,SPY,rising_wedge,forming,0.69,0.6,,0.64,2,aligned,review,75,119,523.8026114790911,581.8153769083069,0.8151260504201681,0.45971992423450014,0.37815126050420167,0.4413967028996565
SPY_20250527_120,SPY,inv_head_and_shoulders,forming,,,0.77,0.77,1,aligned,review,7,35,600.3200073242188,610.780029296875,0.17647058823529413,0.058433862787685587,0.24369747899159663,0.07958626307207982
SPY_20250603_120,SPY,rising_wedge,forming,0.78,0.62,0.91,0.74,3,aligned,review,75,119,481.79998779296875,597.6904254951862,0.8151260504201681,0.5591172328978882,0.37815126050420167,0.8817655342042238
SPY_20250603_120,SPY,inv_head_and_shoulders,breakout,,,0.92,0.92,1,aligned,review,47,109,575.4749755859375,613.22998046875,0.6554621848739496,0.14363161754086307,0.5294117647058824,0.2872632350817262
SPY_20250610_120,SPY,rising_wedge,forming,0.83,0.57,0.87,0.72,3,status_conflict,review,75,119,497.46131777178744,611.0953505242007,0.8151260504201681,0.44854028460749507,0.37815126050420167,0.8645974213262874
SPY_20250610_120,SPY,inv_head_and_shoulders,breakout,,,0.92,0.92,1,aligned,review,42,104,575.4749755859375,613.22998046875,0.6134453781512605,0.14363161754086307,0.5294117647058824,0.2872632350817262
SPY_20250617_120,SPY,rising_wedge,breakdown,0.65,0.5,0.9,0.65,3,aligned,review,75,119,512.1896486243122,612.1062295766977,0.8151260504201681,0.38866350311878173,0.37815126050420167,0.7602266341052399
SPY_20250617_120,SPY,inv_head_and_shoulders,breakout,,,0.91,0.91,1,aligned,review,37,99,575.4749755859375,613.22998046875,0.5714285714285714,0.14363161754086307,0.5294117647058824,0.2872632350817262
SPY_20250625_120,SPY,rising_wedge,forming,0.61,0.46,0.81,0.59,3,status_conflict,review,75,119,538.6435620954164,613.22998046875,0.8151260504201681,0.28374961017203837,0.37815126050420167,0.5674992203440767
SPY_20250625_120,SPY,inv_head_and_shoulders,breakout,,,0.91,0.91,1,aligned,review,32,94,575.4749755859375,613.22998046875,0.5294117647058824,0.14363161754086307,0.5294117647058824,0.2872632350817262
SPY_20250702_120,SPY,rising_wedge,forming,0.59,0.52,,0.55,2,aligned,low_conf,75,119,558.4025974439538,618.6234804899798,0.8151260504201681,0.23056421302550456,0.37815126050420167,0.43421214208621906
SPY_20250702_120,SPY,inv_head_and_shoulders,breakout,,,0.92,0.92,1,aligned,review,27,105,591.1900024414062,613.22998046875,0.5546218487394958,0.13180473327210307,0.6638655462184874,0.1589154058646383
SPY_20250702_120,SPY,bear_flag,forming,,,0.73,0.73,1,aligned,review,98,119,588.8632740126297,616.0344580850111,0.9117647058823529,0.13008236980294607,0.18487394957983194,0.1959130693927319
SPY_20250710_120,SPY,rising_wedge,forming,0.59,0.57,,0.58,2,aligned,review,75,119,567.5104874320652,623.9715046610811,0.8151260504201681,0.2145791514371661,0.37815126050420167,0.3891984171671711
SPY_20250710_120,SPY,inv_head_and_shoulders,breakout,,,0.91,0.91,1,aligned,review,22,100,591.1900024414062,613.22998046875,0.5126050420168067,0.1699869195360032,0.6638655462184874,0.15192649696423005
SPY_20250717_120,SPY,rising_wedge,forming,0.58,0.54,,0.56,2,aligned,review,75,119,577.2710155542345,627.1885064019096,0.8151260504201681,0.17851471281436793,0.37815126050420167,0.34050121676772277
SPY_20250717_120,SPY,inv_head_and_shoulders,breakout,,,0.91,0.91,1,aligned,review,17,95,591.1900024414062,613.22998046875,0.47058823529411764,0.1786495662799581,0.6638655462184874,0.1503408766827859
SPY_20250724_120,SPY,rising_wedge,forming,0.64,0.54,,0.58,2,aligned,review,75,119,578.7983364234223,634.3962921290007,0.8151260504201681,0.19146552073971002,0.37815126050420167,0.3602069485870166
SPY_20250724_120,SPY,inv_head_and_shoulders,breakout,,,0.88,0.88,1,aligned,review,12,90,595.2000122070312,613.22998046875,0.42857142857142855,0.2069000356285473,0.6638655462184874,0.1168122059211403
SPY_20250724_120,SPY,bear_flag,forming,,,0.78,0.78,1,aligned,review,98,119,608.0518099215662,634.9397199427186,0.9117647058823529,0.09494172986750904,0.18487394957983194,0.1742008658356083
SPY_20250731_120,SPY,rising_wedge,breakdown,0.53,0.68,,0.62,2,aligned,review,75,119,584.8582429305366,639.8499755859375,0.8151260504201681,0.17396943025214007,0.37815126050420167,0.3479388605042802
SPY_20250731_120,SPY,inv_head_and_shoulders,breakout,,,0.78,0.78,1,aligned,review,31,69,562.6399841308594,595.5399780273438,0.42016806722689076,0.3844353002192322,0.3277310924369748,0.20816195151865752
SPY_20250807_120,SPY,inv_head_and_shoulders,breakout,,,0.77,0.77,1,aligned,review,26,64,562.6399841308594,595.5399780273438,0.37815126050420167,0.3844353002192322,0.3277310924369748,0.20816195151865752
SPY_20250814_120,SPY,inv_head_and_shoulders,breakout,,,0.77,0.77,1,aligned,review,21,59,562.6399841308594,595.5399780273438,0.33613445378151263,0.4081757733631448,0.3277310924369748,0.20013377312997938
SPY_20250821_120,SPY,rising_wedge,breakdown,,,0.83,0.83,1,aligned,review,75,119,593.6915553166316,646.1900024414062,0.8151260504201681,0.1596765084456231,0.37815126050420167,0.3193530168912461
SPY_20250821_120,SPY,inv_head_and_shoulders,breakout,,,0.77,0.77,1,aligned,review,16,54,562.6399841308594,595.5399780273438,0.29411764705882354,0.4081757733631448,0.3277310924369748,0.20013377312997938
SPY_20250919_120,SPY,rising_wedge,forming,,,0.81,0.81,1,aligned,review,75,119,617.833336421209,656.4851310050924,0.8151260504201681,0.15145981139200715,0.37815126050420167,0.21110813760705358
SPY_20250926_120,SPY,rising_wedge,forming,,,0.84,0.84,1,aligned,review,75,119,613.068896372384,665.5671125863615,0.8151260504201681,0.15102951641966944,0.37815126050420167,0.2829481791598271
SPY_20251003_120,SPY,rising_wedge,forming,,,0.79,0.79,1,aligned,review,75,119,618.0219734722281,670.8160074463998,0.8151260504201681,0.17209232740466252,0.37815126050420167,0.32148358045144143
SPY_20251010_120,SPY,rising_wedge,breakdown,,,0.85,0.85,1,aligned,review,75,119,621.7545471015512,673.9500122070312,0.8151260504201681,0.16863356749759517,0.37815126050420167,0.33726713499519034
SPY_20251230_120,SPY,rising_wedge,forming,0.57,0.49,,0.52,2,aligned,low_conf,75,119,670.5177112229206,685.726032231281,0.8151260504201681,0.18391664327566748,0.37815126050420167,0.20660676585826204
SPY_20260107_120,SPY,rising_wedge,forming,0.65,0.56,0.69,0.62,3,aligned,review,75,119,651.7309802599494,693.9600219726562,0.8151260504201681,0.28277097133915585,0.37815126050420167,0.56554194267831
SPY_20260114_120,SPY,rising_wedge,breakdown,0.68,0.62,0.87,0.7,3,status_conflict,review,75,119,640.7391356356223,696.0900268554688,0.8151260504201681,0.36035713560364435,0.37815126050420167,0.7207142712072901
